{
    "0.3": {
        "token_with_flag_0": {
            "epoch=499.ckpt": 77.85,
            "flops": {
                "flops": 629957376.0,
                "flops_per": 34.735931396484375,
                "flops_reduction": 0.652640700340271,
                "flops_orig": 1813561344.0
            }
        },
        "token_with_flag_1": {
            "epoch=499.ckpt": 78.1
        }
    },
    "0.3_separate_bn": {
        "token_with_flag_0": {
            "epoch=499.ckpt": 78.8,
            "flops": {
                "flops": 115986736.0,
                "flops_per": 34.820072174072266,
                "flops_reduction": 0.6517993211746216,
                "flops_orig": 333103104.0
            }
        },
        "token_with_flag_1": {
            "epoch=499.ckpt": 78.55
        }
    },
    "0.3_separate_bn_warmup_gate": {
        "token_with_flag_0": {
            "epoch=499.ckpt": 78.8,
            "flops": {
                "flops": 677993856.0,
                "flops_per": 37.384666442871094,
                "flops_reduction": 0.6261533498764038,
                "flops_orig": 1813561344.0
            }
        },
        "token_with_flag_1": {
            "epoch=499.ckpt": 78.7875
        }
    }
}