{
    "0.3": {
        "token_with_flag_0": {
            "epoch=499.ckpt": 85.98,
            "flops": {
                "flops": 234516656.0,
                "flops_per": 33.33283615112305,
                "flops_reduction": 0.666671633720398,
                "flops_orig": 703560448.0
            }
        },
        "token_with_flag_1": {
            "epoch=499.ckpt": 85.23
        }
    },
    "0.3_separate_bn": {
        "token_with_flag_0": {
            "epoch=499.ckpt": 85.65,
            "flops": {
                "flops": 236178816.0,
                "flops_per": 33.56908416748047,
                "flops_reduction": 0.6643091440200806,
                "flops_orig": 703560448.0
            }
        },
        "token_with_flag_1": {
            "epoch=499.ckpt": 85.29
        }
    },
    "0.3_separate_bn_warmup_gate": {
        "token_with_flag_1": {
            "epoch=499.ckpt": 85.52
        },
        "token_with_flag_0": {
            "epoch=499.ckpt": 85.78,
            "flops": {
                "flops": 240266560.0,
                "flops_per": 34.15009307861328,
                "flops_reduction": 0.6584990620613098,
                "flops_orig": 703560448.0
            }
        }
    }
}